user_input,retrieved_contexts,response,reference,faithfulness,answer_relevancy,context_precision,context_recall
What are the two primary data structures introduced by Pandas?,"[""mathematical operations print(arr + 2) # Output: [3 4 5 6 7]\nprint(arr * 2) # Output: [2 4 6 8 10]\nApplications of NumPy:\nLinear algebra operations (e.g., matrix multiplication,\neigenvalues).\nStatistical calculations (e.g., mean, median, standard\ndeviation).\nData preprocessing and transformation.\nPandas: Introduction to DataFrames\nPandas is the go-to library for data manipulation and analysis in Python. It\nintroduces two primary data structures: Series (1-dimensional) and\nDataFrames (2-dimensional). DataFrames are particularly useful for\nworking with structured data, such as CSV files or SQL tables.\nKey Features of Pandas:\n1. DataFrames:\nA DataFrame is a table-like structure with rows and\ncolumns, similar to a spreadsheet or SQL table.\nEach column can have a different data type (e.g.,\nintegers, strings, dates).\n2. Data Manipulation:\nPandas provides powerful tools for filtering,\nsorting, grouping, and aggregating data.\nIt also supports handling missing data, merging\nthe next chapter, we’ll dive into Pandas, a library built on top of NumPy,\nto explore more advanced data manipulation techniques.\nChapter 6: Data Manipulation with\nPandas\nData manipulation is a cornerstone of data analysis, and Pandas is one of\nthe most powerful libraries in Python for this purpose. This chapter delves\ninto the essential techniques and tools provided by Pandas to manipulate,\nanalyze, and transform data efficiently. We will explore the differences\nbetween Series and DataFrames, how to read and write data from various\nsources, handle missing data, filter, sort, and group data, and finally, merge\nand join datasets.\nSeries vs. DataFrames: Key Differences\nPandas provides two primary data structures: Series and DataFrames.\nUnderstanding the differences between these structures is crucial for\neffective data manipulation.\nSeries\nA Series is a one-dimensional array-like object that can hold any data type,\nSolving complex mathematical problems.\nPerforming statistical analysis.\nImplementing scientific algorithms.\nConclusion\nPython’s essential libraries—NumPy, Pandas, Matplotlib, Seaborn, and\nSciPy—form the backbone of data analysis. These libraries provide\npowerful tools for numerical computing, data manipulation, visualization,\nand scientific computing, enabling you to tackle a wide range of data\nanalysis tasks. In the next chapter, we’ll dive deeper into data manipulation\nwith Pandas, exploring advanced techniques for cleaning, transforming, and\nanalyzing data.\nChapter 5: Working with NumPy Arrays\nNumPy (Numerical Python) is the cornerstone of numerical computing in\nPython. Its primary data structure, the NumPy array, is a powerful tool for\nstoring and manipulating large datasets efficiently. In this chapter, we’ll\nexplore how to create and manipulate arrays, perform array operations, use\nindexing and slicing, reshape arrays, and apply statistical functions. By the\nUnderstanding the differences between these structures is crucial for\neffective data manipulation.\nSeries\nA Series is a one-dimensional array-like object that can hold any data type,\nsuch as integers, floats, strings, or even Python objects. It is similar to a\ncolumn in a spreadsheet or a single column in a SQL table. Each element in\na Series has a unique label called an index, which allows for easy data\nretrieval and alignment.\nKey characteristics of a Series:\nOne-dimensional data structure.\nHomogeneous data (all elements are of the same type).\nIndexed by labels for easy access.\nSupports vectorized operations for efficient computation.\nExample:\nimport pandas as pd\ndata = pd.Series([10, 20, 30, 40], index=['a', 'b', 'c', 'd']) print(data)\nDataFrames\nA DataFrame is a two-dimensional, table-like data structure with rows and\ncolumns. It is similar to a spreadsheet or a SQL table. Each column in a\nDataFrame is a Series, and all columns share the same index. DataFrames\nPandas: Introduction to DataFrames\nMatplotlib and Seaborn: Visualization Primer\nSciPy: Scientific Computing Tools\nChapter 5: Working with NumPy Arrays\nCreating and Manipulating Arrays\nArray Operations and Broadcasting\nIndexing, Slicing, and Reshaping\nStatistical Functions (Mean, Median, Variance)\nChapter 6: Data Manipulation with Pandas\nSeries vs. DataFrames: Key Differences\nReading/Writing Data (CSV, Excel, SQL)\nHandling Missing Data (dropna, fillna)\nFiltering, Sorting, and Grouping Data\nMerging and Joining Datasets\nChapter 7: Data Cleaning and Preprocessing\nIdentifying and Removing Duplicates\nOutlier Detection and Treatment\nData Normalization and Standardization\nEncoding Categorical Variables (One-Hot, Label Encoding)\nChapter 8: Working with Dates and Times\nParsing Dates with datetime\nTime Series Data in Pandas\nResampling and Rolling Windows\nHandling Time Zones\nChapter 9: Introduction to Data Visualization\nPrinciples of Effective Visualization\nChoosing the Right Plot Type""]",The two primary data structures introduced by Pandas are Series (1-dimensional) and DataFrames (2-dimensional).,Pandas provides two primary data structures: Series (1-dimensional) and DataFrames (2-dimensional).,1.0,0.9293475222498817,0.9999999999,1.0
How does broadcasting work in NumPy?,"['operations are applied to each element in the array. This is known as\nvectorization and is one of the key reasons NumPy is so efficient.\nElement-wise Operations:\nYou can perform arithmetic operations (addition, subtraction,\nmultiplication, division) on arrays of the same shape.\nExample:\n# Element-wise addition arr1 = np.array([1, 2, 3]) arr2 =\nnp.array([4, 5, 6]) result = arr1 + arr2\nprint(""Element-wise Addition:\\n"", result)\nOutput:\nElement-wise Addition:\n[5 7 9]\nBroadcasting:\nBroadcasting allows NumPy to perform operations on arrays of different\nshapes by automatically expanding the smaller array to match the shape of\nthe larger one.\nExample:\n# Broadcasting example\narr = np.array([[1, 2, 3], [4, 5, 6]]) scalar = 2\nresult = arr * scalar\nprint(""Broadcasting:\\n"", result)\nOutput:\nBroadcasting:\n[[ 2 4 6]\n[ 8 10 12]]\nIndexing, Slicing, and Reshaping\nNumPy arrays support advanced indexing and slicing, allowing you to\naccess and manipulate specific elements or sections of an array. You can\nNumPy’s primary data structure is the ndarray, a\nmulti-dimensional array that allows for efficient\nstorage and manipulation of large datasets.\nArrays are faster and more memory-efficient than\nPython lists for numerical operations.\n2. Mathematical Operations:\nNumPy provides a wide range of mathematical\nfunctions, such as addition, subtraction,\nmultiplication, and division, that can be applied to\narrays.\nThese operations are vectorized, meaning they are\napplied element-wise without the need for explicit\nloops.\n3. Broadcasting:\nBroadcasting allows NumPy to perform operations\non arrays of different shapes, making it easier to\nwork with multi-dimensional data.\nExample:\nimport numpy as np\n# Create a NumPy array arr = np.array([1, 2, 3, 4, 5]) # Perform\nmathematical operations print(arr + 2) # Output: [3 4 5 6 7]\nprint(arr * 2) # Output: [2 4 6 8 10]\nApplications of NumPy:\nLinear algebra operations (e.g., matrix multiplication,\neigenvalues).\na 2D array\narr2d = np.array([[1, 2, 3], [4, 5, 6]]) print(""2D Array:\\n"", arr2d)\nOutput:\n1D Array:\n[1 2 3 4 5]\n2D Array:\n[[1 2 3]\n[4 5 6]]\nSpecial Arrays:\nNumPy provides functions to create arrays with specific properties, such as\nzeros, ones, or a range of values.\nExample:\n# Create an array of zeros zeros_arr = np.zeros((3, 3)) print(""Zeros\nArray:\\n"", zeros_arr) # Create an array of ones ones_arr =\nnp.ones((2, 4)) print(""Ones Array:\\n"", ones_arr) # Create an array\nwith a range of values range_arr = np.arange(0, 10, 2) # Start, Stop,\nStep print(""Range Array:\\n"", range_arr)\nOutput:\nZeros Array:\n[[0. 0. 0.]\n[0. 0. 0.]\n[0. 0. 0.]]\nOnes Array:\n[[1. 1. 1. 1.]\n[1. 1. 1. 1.]]\nRange Array:\n[0 2 4 6 8]\nArray Operations and Broadcasting\nNumPy arrays support element-wise operations, meaning mathematical\noperations are applied to each element in the array. This is known as\nvectorization and is one of the key reasons NumPy is so efficient.\nElement-wise Operations:\nSolving complex mathematical problems.\nPerforming statistical analysis.\nImplementing scientific algorithms.\nConclusion\nPython’s essential libraries—NumPy, Pandas, Matplotlib, Seaborn, and\nSciPy—form the backbone of data analysis. These libraries provide\npowerful tools for numerical computing, data manipulation, visualization,\nand scientific computing, enabling you to tackle a wide range of data\nanalysis tasks. In the next chapter, we’ll dive deeper into data manipulation\nwith Pandas, exploring advanced techniques for cleaning, transforming, and\nanalyzing data.\nChapter 5: Working with NumPy Arrays\nNumPy (Numerical Python) is the cornerstone of numerical computing in\nPython. Its primary data structure, the NumPy array, is a powerful tool for\nstoring and manipulating large datasets efficiently. In this chapter, we’ll\nexplore how to create and manipulate arrays, perform array operations, use\nindexing and slicing, reshape arrays, and apply statistical functions. By the\nNumPy, making it ideal for large-scale data processing.\n1. Dask DataFrames\nDask DataFrames are similar to Pandas DataFrames but operate on larger-\nthan-memory datasets by dividing them into smaller partitions.\nimport dask.dataframe as dd\n# Load a large dataset\ndf = dd.read_csv(\'large_dataset.csv\') # Perform operations\ndf[\'new_column\'] = df[\'existing_column\'] * 2\nresult = df.compute() # Execute the computation\nprint(result.head())\n2. Parallel Computing with Dask\nDask enables parallel execution of tasks, making it faster than traditional\nsingle-threaded processing.\nimport dask.array as da\n# Create a large array\nx = da.random.random((10000, 10000), chunks=(1000, 1000)) #\nPerform parallel computation\ny = x + x.T\nresult = y.compute()\nprint(result)\n3. Dask Distributed\nFor distributed computing across multiple machines, you can use Dask\'s\ndistributed scheduler.\nfrom dask.distributed import Client # Start a Dask client\nclient = Client()\n# Perform distributed computation']","Broadcasting in NumPy allows operations to be performed on arrays of different shapes by automatically expanding the smaller array to match the shape of the larger one. This makes it easier to work with multi-dimensional data without needing to manually adjust the shapes of the arrays.

For example, if you have a 2D array and a scalar, NumPy will broadcast the scalar to each element of the 2D array during the operation. 

Here is an example:
```python
arr = np.array([[1, 2, 3], [4, 5, 6]])
scalar = 2
result = arr * scalar
print(""Broadcasting:\n"", result)
```
The output will be:
```
Broadcasting:
[[ 2  4  6]
 [ 8 10 12]]
```
In this case, the scalar `2` is broadcasted to each element of the 2D array `arr`.",Broadcasting allows NumPy to perform operations on arrays of different shapes by automatically expanding the smaller array to match the shape of the larger one.,1.0,0.8341573212126036,0.9999999999,1.0
What does the 'I' stand for in an ARIMA model?,"[""differencing (I), and moving average (MA) components to forecast time\nseries data.\nAR (AutoRegressive): Models the relationship between an\nobservation and its lagged values.\nI (Integrated): Uses differencing to make the time series\nstationary.\nMA (Moving Average): Models the relationship between an\nobservation and residual errors from a moving average model.\nfrom statsmodels.tsa.arima.model import ARIMA # Fit an ARIMA\nmodel model = ARIMA(ts, order=(1, 1, 1)) # (p, d, q) parameters\nresults = model.fit()\n# Forecast future values\nforecast = results.forecast(steps=10) print(forecast)\n2. Prophet\nProphet is a forecasting tool developed by Facebook that is designed for\nbusiness time series data. It is robust to missing data, outliers, and seasonal\neffects.\nfrom prophet import Prophet\n# Prepare data for Prophet\ndf = pd.DataFrame({'ds': dates, 'y': values}) # Fit a Prophet model\nmodel = Prophet()\nmodel.fit(df)\n# Create a future dataframe\nDecomposition is a technique used to separate a time series into its\ncomponents.\nimport pandas as pd import matplotlib.pyplot as plt from\nstatsmodels.tsa.seasonal import seasonal_decompose # Example\ntime series data\ndates = pd.date_range('2023-01-01', periods=100) values = [i + (i\n% 7) 2 + (i % 30) 5 for i in range(100)]\nts = pd.Series(values, index=dates) # Decompose the time series\ndecomposition = seasonal_decompose(ts, model='additive')\ndecomposition.plot()\nplt.show()\nForecasting with ARIMA and Prophet\nForecasting is the process of predicting future values of a time series based\non historical data. Two popular methods for time series forecasting are\nARIMA and Prophet.\n1. ARIMA (AutoRegressive Integrated Moving\nAverage)\nARIMA is a statistical model that combines autoregression (AR),\ndifferencing (I), and moving average (MA) components to forecast time\nseries data.\nAR (AutoRegressive): Models the relationship between an\nobservation and its lagged values.\ncomponents of time series data, forecasting techniques like ARIMA and\nProphet, and methods for visualizing time series trends.\nComponents of Time Series Data (Trend,\nSeasonality)\nTime series data can be decomposed into several components, each\nrepresenting a different aspect of the data. Understanding these components\nis essential for effective analysis and forecasting.\n1. Trend\nThe trend represents the long-term movement or direction of the data. It\nindicates whether the data is increasing, decreasing, or remaining stable\nover time.\nExample: A steady increase in monthly sales over several\nyears.\nIdentification: Use moving averages or linear regression to\nidentify trends.\n2. Seasonality\nSeasonality refers to periodic fluctuations in the data that occur at regular\nintervals. These patterns are often tied to seasons, months, weeks, or days.\nExample: Higher ice cream sales during summer months.\nIdentification: Use decomposition techniques or\nautocorrelation plots to detect seasonality.\nChapter 18: Time Series Analysis\nComponents of Time Series Data (Trend, Seasonality)\nForecasting with ARIMA and Prophet\nVisualizing Time Series Trends\nChapter 19: Data Storytelling and Reporting\nTranslating Insights into Narratives\nCreating Interactive Dashboards with Plotly\nExporting Reports to PDF/HTML\nChapter 20: Web Scraping for Data Collection\nBasics of HTML and APIs\nScraping Data with BeautifulSoup\nEthical Considerations in Web Scraping\nChapter 21: Integrating SQL with Python\nConnecting to Databases (SQLite, PostgreSQL)\nQuerying Data with pandas and SQLAlchemy\nCombining SQL and Pandas for Analysis\nChapter 22: Real-World Case Studies\nFinance: Stock Market Analysis\nHealthcare: Predicting Disease Outcomes\nMarketing: Customer Segmentation\nSocial Media: Sentiment Analysis\nChapter 23: Advanced Python Libraries\nIntroduction to Scikit-Learn for ML\nGeospatial Analysis with GeoPandas\nNatural Language Processing (NLP) with NLTK\nChapter 24: Automating Data Workflows\nChapter 13: Case Study: EDA on a Real Dataset\nDataset Overview (e.g., Titanic, Housing Prices)\nStep-by-Step EDA Walkthrough\nDeriving Insights and Visual Summaries\nChapter 14: Introduction to Machine Learning\nSupervised vs. Unsupervised Learning\nRegression vs. Classification\nKey Algorithms (Linear Regression, Decision Trees,\nClustering)\nChapter 15: Data Preparation for Machine\nLearning\nFeature Engineering Techniques\nTrain-Test Split and Cross-Validation\nScaling Data (StandardScaler, MinMaxScaler)\nChapter 16: Building Your First ML Model\nLinear Regression with Scikit-Learn\nEvaluating Model Performance (MSE, R²)\nIntroduction to Hyperparameter Tuning\nChapter 17: Working with Large Datasets\nOptimizing Memory Usage in Pandas\nParallel Processing with Dask\nIntroduction to Apache Spark for Big Data\nChapter 18: Time Series Analysis\nComponents of Time Series Data (Trend, Seasonality)\nForecasting with ARIMA and Prophet\nVisualizing Time Series Trends\nChapter 19: Data Storytelling and Reporting""]","The 'I' in an ARIMA model stands for ""Integrated,"" which uses differencing to make the time series stationary.","The 'I' stands for Integrated, which uses differencing to make the time series stationary.",1.0,0.989315613432828,0.9999999999,1.0
